event_id,index_to_drop,city_id,event_name,category_id,event_description,latitude,longitude,date,event_price
111,1,1,Jakarta Bird Land Ancol,1,"Jakarta Bird Land adalah taman bermain sekaligus tempat konservasi yang memiliki berbagai jenis spesies burung di Indonesia maupun mancanegara dimana keluarga Indonesia dapat memperoleh edukasi, interaksi hingga pengalaman baru dengan berbagai jenis spesies burung. Jakarta Bird Land menawarkan berbagai interaksi mulai dari Bird Feeding, Direct Touch, dsb hingga interaksi baru seperti Free Range Bird, Lake For Show, Waterfall, Escalator hingga Thematic Hardscape yang tidak ada di taman burung manapun di Indonesia. Selain menjadi taman wisata edukasi, Jakarta Bird Land juga menjadi pusat konservasi yang menyelamatkan berbagai spesies burung yang terancam punah melalui pusat Breeding & Research yang fokus dalam merawat spesies-spesies burung di Indonesia & Mancanegara.",-6.1266245,106.8431539,Everyday,56160
122,2,1,Magic Art 3D Museum Jakarta,2,"Step into a realm where art comes to life at the Magic Art 3D Museum Jakarta. Marvel at mind-bending optical illusions and interact with larger-than-life 3D paintings. This immersive experience promises a day filled with laughter, 2, and Instagram-worthy moments.",-6.1359480,106.8121314,Everyday,54000
113,3,1,Sea World Ancol,1,"Dive into the depths of the ocean without leaving Jakarta at Sea World Ancol. Encounter fascinating marine life, from graceful sharks to playful dolphins. Educational and entertaining, Sea World offers a captivating journey through the wonders of the underwater world.",-6.1257784,106.8428327,Everyday,67900
114,4,1,Samudra Ancol,1,Experience the magic of marine life with a visit to Samudra Ancol. Enjoy captivating dolphin and sea lion shows that showcase the intelligence and agility of these incredible creatures. It's a family-friendly destination that combines education with entertainment.,-6.1250180,106.8436004,Everyday,55000
115,5,1,Dufan Ancol,1,"For a day of thrilling 1s, head to Dufan Ancol, Jakarta's beloved amusement park. With a mix of exhilarating rides, entertaining shows, and delicious treats, Dufan promises a fun-filled escape for visitors of all ages.",-6.1253124,106.8335377,Everyday,199500
116,6,1,Taman Mini Indonesia Indah (TMII),1,"Discover the rich cultural tapestry of Indonesia at Taman Mini Indonesia Indah (TMII). This expansive park features miniature replicas of the country's diverse regions, cultural performances, and interactive exhibits, providing a comprehensive journey through Indonesia's heritage.",-6.3020386,106.8898924,Everyday,25000
117,7,1,Atlantis Ancol,1,"Escape to the tropical paradise of Atlantis Ancol, a water-themed attraction offering a variety of slides, pools, and water-based activities. Perfect for a refreshing day out with family and friends.",-6.1241900,106.8391340,Everyday,52250
118,8,1,The Wave Pondok Indah Waterpark,1,"Make a splash at The Wave Pondok Indah Waterpark, a haven of water-based excitement and relaxation. From thrilling slides to lazy rivers, this waterpark caters to both adrenaline seekers and those looking for a leisurely day in the sun.",-6.2677295,106.7843933,Everyday,90000
119,9,1,Gondola Ancol Tickets,1,Embark on a scenic journey with Gondola Ancol Tickets. Glide over the enchanting landscapes of Ancol while enjoying breathtaking views from the comfort of a gondola.,-6.1255410,106.8412451,Everyday,57000
1110,10,1,Trans Studio Cibubur,1,"Indulge in a world of entertainment at Trans Studio Cibubur. With its mix of thrilling rides, live shows, and themed zones, this indoor theme park promises an unforgettable experience for visitors of all ages.",-6.3756707,106.9019455,Everyday,235000
1111,11,1,Tiket Skyworld Indonesia,1,"Elevate your senses at Skyworld Indonesia. Offering panoramic views of the city, this observation deck is the perfect vantage point to appreciate Jakarta's skyline and beyond.",-6.2995990,106.8948577,Everyday,77200
1212,12,1,Museum MACAN (Modern And Contemporary Art In Nusantara),2,"Immerse yourself in the world of contemporary art at Museum MACAN. Featuring a diverse collection of modern artworks, this museum provides a thought-provoking journey through Indonesia's vibrant art scene.
",-6.1910434,106.7679858,Everyday,70000
1313,13,1,HOLEO Golf & Museum,3,"Combine leisure and culture at HOLEO Golf & Museum. Tee off at the scenic golf course and explore the museum, showcasing a blend of art and golf history.",-6.1783645,106.8105113,Everyday,80000
1114,14,1,Jakarta Aquarium,1,"Dive into a world of aquatic wonders at Jakarta Aquarium. From mesmerizing jellyfish displays to interactive touch pools, this attraction offers an immersive experience for marine enthusiasts.",-6.1748990,106.7900112,Everyday,76800
1215,15,1,OneThreeLand di TMII,2,"Step into the fantastical realm of OneThreeLand at TMII, where whimsical characters and enchanting landscapes come to life. Perfect for families and those seeking a touch of magic.",-6.3020386,106.8898924,Everyday,30000
1416,16,1,Pestapora,4,"Join the celebration at Pestapora, an event that brings together music, art, and culture. Experience a vibrant atmosphere with live performances, artistic displays, and a gathering of creative minds.",-6.1464353,106.8452360,21 - 22 Juli 2023,275000
1417,17,1,Djakarta Warehouse Project,4,"For electronic music enthusiasts, Djakarta Warehouse Project is a must-attend event. Immerse yourself in the beats of renowned DJs, creating an unforgettable nightlife experience.",-6.1464353,106.8452360,25 - 27 Agustus 2023,1800000
1418,18,1,We the Fest,4,"We the Fest is a music and arts festival that promises a diverse lineup of performers, art installations, and a vibrant atmosphere. Join the community and celebrate 2 in all its forms.",-6.2186488,106.8017727,22 - 24 September 2023,1200000
1519,19,1,Festival Jajan Bango,5,"Indulge your taste buds at Festival Jajan Bango, where culinary delights take center stage. Explore a variety of flavorful dishes, snacks, and street food from local and international cuisines.",-6.2186488,106.8017727,2 - 3 September 2023,Free
1420,20,1,Synchronize Fest,4,"Synchronize Fest is a celebration of music diversity, featuring a lineup that spans genres and styles. Join fellow music lovers for an unforgettable experience of live performances and energetic vibes.",-6.1464353,106.8452360,29 - 31 Juli 2023,27500
1421,21,1,Soundrenaline,4,"Experience the adrenaline of live music at Soundrenaline. This festival showcases a dynamic lineup of bands and artists, creating an electric atmosphere for music enthusiasts.",-6.1554057,106.8926634,20 - 22 Agustus 2023,30000
1422,22,1,Joyland Festival,4,"Joyland Festival is a family-friendly event that combines entertainment and education. With interactive exhibits, live performances, and engaging activities, it's a joyful experience for all ages.",-6.2186488,106.8017727,12 - 14 Agustus 2023,1200000
1423,23,1,Java Jazz Festival,4,"Jazz enthusiasts unite at the Java Jazz Festival, where world-class musicians gather to showcase their talents. Enjoy a weekend filled with smooth melodies and the soulful sounds of jazz.",-6.1464353,106.8452360,1 - 3 Desember 2023,1800000
1424,24,1,Hammersonic,4,"For metalheads, Hammersonic is the ultimate destination. This metal music festival features intense performances, headbanging beats, and an atmosphere of pure energy.",-6.1175836,106.8578154,29 - 30 Juli 2023,1500000
1425,25,1,Skyavenue,4,"Elevate your senses at Skyavenue, an event that combines music, art, and breathtaking views. Experience a fusion of 2 against the backdrop of the city skyline.",-6.2202283,106.8056639,1 - 2 Desember,25000
1526,26,1,Brightspot Jakarta,5,"Celebrate 2 and design at Brightspot Jakarta. This event showcases a curated selection of fashion, art, and lifestyle products from emerging and established designers.",-6.2255865,106.7967224,22 - 24 Juli 2023,Free
1427,27,1,High School Celebration 34,4,"High School Celebration 34 is a spirited gathering for high school students, filled with festivities, performances, and the chance to create lasting memories with friends.",-6.3134118,106.7922743,15 - 17 September 2023,10000
1528,28,1,Urban Sneaker Society,5,"Sneaker enthusiasts, unite at Urban Sneaker Society. Explore the latest trends, limited editions, and connect with fellow sneakerheads in this vibrant event.",-6.217601,106.7983324,26 - 28 Agustus 2023,100000
1529,29,1,Lala Market,5,"Lala Market is a trendy marketplace featuring a curated selection of fashion, accessories, and lifestyle products. Discover unique finds and enjoy a day of shopping and socializing.",-6.2115934,106.8187208,5 - 7  Agustus 2023,Free
1530,30,1,Market Museum,5,"Market Museum is a creative hub that brings together artists, designers, and makers. Explore unique products, engage in workshops, and immerse yourself in the local creative scene.",-6.2579655,106.8057629,29 - 31 Juli 2023,Free
1531,31,1,Jakarta Culinary Feastival (JCF),5,"Indulge in a culinary extravaganza at Jakarta Culinary Feastival (JCF). From gourmet dishes to street food delights, this festival celebrates the diverse and delicious world of food.",-6.22719,106.7944314,15 - 17 September 2023,Free
1332,32,1,Rocca Space,3,"We are a community hub located in the heart of Jakarta, where like minded people interact and train together. A space to inspire one another with experiences and share knowledge's.",-6.2235029,106.8022677,26 - 28 Agustus 2023,4000
1333,33,1,Skyrun,3,"Challenge your limits at Skyrun, a thrilling vertical race that takes you to new heights. Experience the adrenaline rush as you conquer staircases and reach the summit.",-6.2451839,106.7890856,10 September 2023,250000
1334,34,1,Eco Run Pertamina,3,"Run for a cause at Eco Run Pertamina, a marathon that promotes environmental awareness and sustainability. Lace up your running shoes and join the movement for a greener future.",-6.220223,106.8030836,24 September 2023,200000
1335,35,1,J&T Connect Run,3,"Participate in the J&T Connect Run, a community",-6.2186012,106.8025991,17 September 2023,150000
1636,36,1,Workshop Turning Data into Product Strategy and Business Decision Making,6,Product Strategy and Busin‚Ä¶,Online,Online,07 - 08 Desember 2023,150000
1637,37,1,Reflection from 2023 and Preparation for 2024 - The Trends and Future Outlook,6,"Menjelang akhir tahun, Apiary Academy mengadakan pertemuan akhir tahunan untuk para komunitas produk. Acara ini sebagai ajang untuk merefleksikan tahun 2023 dan mempersiapkan tahun 2024 yang akan datang. Pertemuan ini akan mengaplikasikan format unconference yang interaktif: mendorong para peserta untuk membentuk grup diskusi dan secara spontan memilih topik selama acara. Acara ini berfokus pada tema refleksi (peristiwa penting di tahun 2023) dan persiapan (tren dan prospek di tahun 2024).","-6.2,914,797","1,067,996,865",16 Desember 2023,33000
1638,38,1,5 Strategi Memenangkan Persaingan Pasar dan Mempercepat Pertumbuhan Bisnis by GRATYO,6,Persaingan Pasar dan Mem‚Ä¶,Online,Online,12 Desember 2023,195000
1639,39,1,20 Hours to Master Performance Marketing Strategies,6,Performance Marketing Stra‚Ä¶,Online,Online,31 Desember 2023,299000
1640,40,1,"Training of Trainers #3, In-Person Course, 28-29 February, Jakarta",6,"In-Person Course, 28-29 Feb‚Ä¶","-6.2,301,644","1,068,208,449",28 - 29 Februari 2024,16900000
1641,41,1,Kelas Profesi - Internal Audit ISO 19011:2018 by Latih,6,"Audit adalah kegiatan yang penting dilakukan untuk kemajuan dan peningkatan kinerja organisasi. Dari hasil audit yang baik, manajemen dapat mengetahui kondisi proses-proses di organisasi sehingga dapat segera melakukan perbaikan-perbaikan dan lebih daripada itu, melakukan peningkatan dan pengembangan secara terus-menerus. Sedangkan untuk Auditor Internal memiliki peranan penting dalam sebuah organisasi atau perusahaan. Tanpa keberadaan auditor internal, perbaikan sistem sulit untuk dicapai. Karena sistem akan berjalan apa adanya tanpa adanya upaya untuk melakukan evaluasi. Audit internal merupakan upaya melakukan Check (Periksa) untuk memastikan sistem yang direncanakan sedari awal berjalan dengan baik dan efektif. Pelaksanaan Audit yang intensif mendorong perusahaan untuk mengetahui secara lebih dini setiap penyimpangan yang terjadi dalam penerapannya. Dengan demikian upaya untuk mengantisipasi perbaikan dapat segera dilakukan.

Pelaksanaan Audit Mutu ISO 19011:2018 yang efektif, hanya dapat dilakukan bila Tim Audit perusahaan menguasai materi dan teknik dengan baik. Pelatihan adalah alat yang sangat ampuh bagi organisasi untuk mencapai sasaran pengembangan Sumber Daya Manusia ke arah kinerja yang tinggi. Salah satu persyaratan ISO 9001 2015 adalah Organisasi harus memastikan kompetensi personil yang aktivitasnya berdampak terhadap mutu. Organisasi harus mengadakan pelatihan atau langkah lain untuk meningkatkan kompetensi SDM-nya.

Berdasarkan hal tersebut Latih berinisiatif menyelenggarakan Pelatihan Berbasis Kompetensi Profesi, yaitu Internal Audit ISO 19011:2018.

Kelas ini akan dilatih oleh Bapak Wahyu Wibowo, seorang Professional Food Safety Quality Auditor & Trainer (CQI IRCA Certified Lead Auditor)

Kelas ini dilaksanakan dengan format Online Class via Zoom, dibagai menjadi berbagai segmen

- Presentasi materi
- Workshop
- Diskusi interaktif
- Kuis",Online,Online,26 November 2023,175000
1642,42,1,ALL Access e-Learning,6,"Apiary Life-long Access e-Learning Program adalah program e-Learning yang memberikan akses tanpa batas ke semua materi Product Management, dengan berbagai pilihan paket berlangganan yang tentunya sesuai dengan kebutuhanmu.",Online,Online,31 Desember 2023,55000`
1643,43,1,Fibonacci Masterclass,6,"Frustasi dengan hasil trading yang kurang memuaskan, bahkan cenderung lebih banyak loss ketimbang profit ?

Saya yakin, pada dasarnya profit konsisten di trading forex bukanlah hal yang mustahil. Meskipun sebagian besar orang menganggap itu hal yang sangat sulit. Setiap trader berhak dan punya kesempatan untuk menghasilkan profit yang konsisten di trading forex. Tentang profit yang belum stabil, barangkali disebabkan kurangnya pemahaman tentang fungsi dan cara penggunaan indikator yang digunakan.

Salah satu indikator yang cukup populer di kalangan trader, adalah Fibonacci. Yang konon katanya, merupakan ilmu matematika kuno namun sangat efektif saat diterapkan di pasar forex.

Dalam workshop ini, anda akan belajar tentang :

Teknik setup indikator Fibonacci untuk jangka pendek dan panjang
Pemahaman support dan resistance menggunakan Fibonacci
Analisis trend market berdasarkan Fibonacci
Strategi open entry buy, sell dan penentuan stop loss dengan Fibonacci


Setiap peserta tidak hanya berhak mengikuti sesi workshop, namun juga akan mendapatkan :

Rekaman video tutorial untuk belajar mandiri setelah sesi workshop
Indikator gratis MT4 / MT5 yang bisa digunakan sebagai alat analisis trading
Akses komunitas trading untuk sharing dan diskusi setelah sesi


Jadi, tunggu apalagi ? Gabung sekarang juga dan dapatkan pemahaman lebih mendalam tentang Fibonacci di workshop ini !",Online,Online,01 Oktober 2023 - 04 Februari 2024,24000000
1644,44,1,Kelas Profesi - Risk Management Batch 8 by Latih,6,Management Batch 8 by Lat‚Ä¶,Online,Online,09 Desember 2023,17500
1645,45,1,#broadentechid 2024,6,"Hi! #broadentechid kembali di tahun 2024 dengan konsep dan pembicara yang lebih greget! Acara akan dimulai dengan seminar dengan 2 sesi dan 1 workshop yang akan dipersembahkan oleh Algoritma Data Science.

Pembicara: To Be Announce

-----------------------

#broadentechid 2024 ikuti seminar dan workshop yang akan diadakan pada 21 November 2024. Early bird sebelum 27 Febuari 2024 harga tiket Rp 1.000.000,- menjadi Rp 350.000,-; terbatas untuk 50 orang pertama.

#datasciencecommunity #teknologiinformasi #eventjakarta #pengusahateknologi #algoritmajakarta #datasciencejakarta #datasciencecourses",-6.2240761,106.8234824,21 November 2024,350000
1646,46,1,Google Ads Masterclass,6,"Menjadi Nomor 1 di hasil penelusuran Google secara organik bukanlah hal yang mudah. Namun, ada sebuah shortcut atau cara mudah untuk dapat muncul di nomor 1 hasil penelusuran Google lewat kata kunci potensial yang kita targetkan. Yaitu dengan layanan iklan berbayar Google yang bernama Google Ads.

Dengan Google Ads, anda akan lebih mudah untuk tampil nomor 1 di hasil penelusuran Google, lebih mudah mendapatkan pengunjung untuk website anda, dan berpeluang meningkatkan omset penjualan secara signifikan.

Dalam acara ini, anda akan belajar tentang :
* Pengenalan apa itu Google Ads dan keuntungan yang didapatkan
* Pembuatan akun Google Ads dan cara melakukan top-up saldo
* Memahami tujuan dan jenis kampanye di Google Ads
* Riset dan penerapan kata kunci potensial untuk Google Ads
* Teknis pembuatan iklan dan optimalisasi
* Evaluasi dan perencanaan iklan berdasarkan data

DIlengkapi dengan software riset kata kunci yang akan memudahkan anda untuk dapat mencari kata kunci potensial yang siap ditarget.

Jadi, tunggu apalagi ? Segera daftarkan diri anda dan pelajari bagaimana membuat promosi bisnis di Google Ads sekarang juga !",Online,Online,15 Oktober 2023 - 17 Desember 2023,2499000
1647,47,1,Google Data Studio 101,6,"Join us for ""Google Data Studio 101: A Beginner's Guide to Crafting Personal Budgeting Dashboards,"" a comprehensive workshop designed for individuals eager to harness the power of Google Data Studio in managing personal finances.

In this hands-on session, our expert instructors will guide you through the fundamentals of Google Data Studio, providing you with the skills to create personalized and visually appealing dashboards to track and analyze your budget effectively. Whether you're new to data visualization or looking to enhance your financial management skills, this workshop is tailored for you.

Key Topics Covered:
1. Introduction to Google Data Studio: Learn the basics of navigating the platform and understanding its key features.
2. Connecting Data Sources: Explore how to import and connect various data sources relevant to personal budgeting, such as income, expenses, and savings.
3. Dashboard Design Principles: Discover best practices for designing clear and insightful dashboards, ensuring that your financial data is presented in a visually engaging manner.
4. Building Personal Budgeting Dashboards: Step-by-step guidance on creating customized dashboards that suit your financial goals and preferences.
5. Interactive Elements: Learn how to incorporate interactive elements into your dashboards, allowing for dynamic exploration of your financial data.
6. Tips for Effective Financial Analysis: Gain insights into interpreting and drawing meaningful conclusions from your budgeting dashboards.

By the end of this workshop, you'll have the skills and confidence to build your own personalized budgeting dashboards using Google Data Studio, empowering you to take control of your finances and make informed decisions.

Don't miss this opportunity to level up your personal finance game! Reserve your spot now for ""Google Data Studio 101"" and embark on a journey to financial empowerment through data visualization",Online,Online,30 Desember 2023,Free
1648,48,1,"FOLKS #3 - Exploring Data Oasis: ""An Intro to Data Lake and Warehouse with Google Cloud Platform""",6,"Oasis: ""An Intro to Data Lake‚Ä¶",Online,Online,30 November 2023,Free
1649,49,1,Hour of Code 2023 by Generation Girl X SAP Indonesia,6,Generation Girl X SAP Indon‚Ä¶,Online,Online,09 Desember 2023,Free
1650,50,1,Integrated Career Expo,6,"Career Expo
Tempat Pelaksanaan : Hybrid (GOR Utama & Website CDC UPER)
Jadwal Pelaksanaan : Rabu - Kamis, 06 - 07 Desember 2023
Waktu : 09.00 15.00 WIB

Seminar Series
Tempat Pelaksanaan : Auditorium UPER
Jadwal Pelaksanaan : Rabu - Kamis, 06 - 07 Desember 2023
Waktu : 09.00 15.00 WIB",-6.22843634,106.7896179,06 Desember - 07 Desember 2023,Free
1651,51,1,OPUNG ANIES,6,"Obrlan Kampung Amanat Indonesia (OPUNG ANIES) merupakan kegiatan yang diinisiasi oleh Amanat Indonesia (ANIES). Kegiatan ini bisa diikuti oleh seluruh lapisan masyarakat diberbagai tempat atau daerah untuk bersilaturrahmi dan membangun kedekatan antar relawan yang tergabung dalam Amanat Indonesia (ANIES). Susunan acara berisikan Menyanyikan Indonesia Raya, Mars Pemilu Gembira, Diskusi Seputar program maupun Visi Misi Bakal Calon Presiden Anies Baswedan, dan hiburan dari khas daerah setempat. Kegiatan ini dapat dilakukan dengan jumlah peserta minimal 15 Orang di Satu Titik. Ketua Kelompok dapat mendaftarkan peserta melalui link Pendaftaran OPUNG ANIES",-6.2538536,106.8343094,26 Mei 2023 - 10 April 2024,Free
1652,52,1,BIANG KEROK FEST 2023,6,"Biang Kerok Fest 2023 is set to be a vibrant celebration of 2 and humor. Embracing the spirit of spontaneity, this festival promises a lively atmosphere filled with laughter and entertainment. From stand-up comedy performances to improvisational acts, Biang Kerok Fest aims to tickle the funny bones of its audience. Expect a diverse lineup of comedic talent, unexpected surprises, and an overall uproarious experience that brings people together for a memorable day of laughter.",-6.1594869,106.8541776,24 - 25 November 2023,Free
1553,53,1,Oh Beauty Festival 2023,5,"Oh Beauty Festival 2023 is a captivating event dedicated to celebrating beauty in all its forms. From skincare and makeup demonstrations to fashion showcases and wellness activities, this festival is a haven for beauty enthusiasts. Attendees can indulge in interactive beauty experiences, gain insights from industry experts, and discover the latest trends in cosmetics and self-care. Oh Beauty Festival 2023 is not just an event; it's a glamorous and empowering journey into the world of beauty and self-expression.",-6.2637489,106.778998,5 - 8 Oktober 2023,50000
3454,54,3,Dongkrak Seni UI,4,"Dongkrak Seni UI is the largest annual arts festival organized by the Faculty of Engineering, Universitas Indonesia (FT UI). It features a wide range of activities showcasing various art forms, including music, dance, theatre, visual arts, and more. The festival aims to foster creativity and appreciation for the arts among students and the wider community.",-6.3623898,106.821496,28 April 2024,75000
3455,55,3,Jazz Goes to Campus,4,Jazz Goes to Campus is a concert series featuring renowned jazz musicians from Indonesia and abroad. The series aims to promote jazz music among young people and provide a platform for talented musicians to showcase their skills.,-6.3599036,106.8234789,12 November 2023,150000
3356,56,3,BNI UI Half Marathon,3,"BNI UI Half Marathon is a popular running event held in the scenic Depok campus of Universitas Indonesia. The event features a 21.1 km half marathon, a 10 km run, and a 5 km fun run.",-6.3606176,106.824654,16 Juli 2023,Free
3657,57,3,Mettalurgy and Materials Weeks UI (MnMs UI),6,"MnMs UI is a week-long event organized by the Department of Metallurgy and Materials Engineering, FT UI. The event features lectures, workshops, competitions, and other activities related to the field of metallurgy and materials science.",-6.3637129,106.8269275,22 November 2023,50000
3658,58,3,MMENE UI,6,"MMENE UI is a national mechanical and marine engineering seminar hosted by the Department of Mechanical Engineering, FT UI. The seminar brings together experts from industry, academia, and government to discuss the latest trends and developments in the mechanical and energy sectors.
",-6.3697576,106.8258728,22 Agustus 2023,50000
3659,59,3,ISEEC UI,6,,-6.3697576,106.8258728,Everyday,Free
3162,62,3,Taman Wisata Pasir Putih,1,"Taman wisata air dengan berbagai wahana permainan air, seperti kolam renang, seluncuran, dan waterboom.",-6.4330627,106.787352,Everyday,Free
3163,63,3,Taman Bunga Wiladatika,1,"Taman bunga dengan berbagai macam bunga, seperti mawar, tulip, dan anggrek.",-6.3702,106.893327,Everyday,Free
3164,64,3,D'Kandang Amazing Farm,1,Tempat wisata edukasi yang mengajak pengunjung untuk belajar tentang pertanian dan peternakan.,-6.4158763,106.7845676,Everyday,Free
3165,65,3,Green Lake View Waterpark,1,"Taman wisata air dengan berbagai wahana permainan air, seperti kolam renang, seluncuran, dan waterboom.",-6.3963844,106.8690167,Everyday,Free
3166,66,3,Depok Fantasi Waterpark,1,"Taman wisata air dengan berbagai wahana permainan air, seperti kolam renang, seluncuran, dan waterboom.",-6.4196227,106.8284113,Everyday,Free
3167,67,3,Situ Pengasinan Depok,1,Danau yang menjadi tempat wisata favorit masyarakat Depok.,-6.4205351,106.7487672,Everyday,Free
3168,68,3,Cagar Alam Kota Depok,1,"Cagar alam yang menjadi habitat bagi berbagai macam flora dan fauna, seperti rusa, banteng, dan burung.",-6.4076315,106.8140767,Everyday,Free
3169,69,3,Masjid Dian Al-Mahri,1,Masjid megah dengan kubah emas yang menjadi ikon Kota Depok.,-6.3839091,106.7719375,Everyday,Free
3170,70,3,Universitas Indonesia,1,Kampus terbesar di Indonesia yang menjadi salah satu destinasi wisata edukasi favorit.,-6.3606229,106.8272343,Everyday,Free
1671,71,1,KPPIKG 2024,6,"KPPIKG 2023 is a routine scientific activity held by the Faculty of Dentistry, University of Indonesia since 1967. In 2023, KPPIKG will be held for the 19th time. In the midst of the Covid-19 Pandemic situation, KPPIKG 2023 will be carried out offline by following the applicable health protocols. This activity will be filled by various national and international speakers in various fields of science including digital dentistry, aesthetics, restorative, orthodontics, and so on according to the latest scientific developments. We hope that through KPPIKG 2023, dentist colleagues throughout Indonesia can improve their knowledge according to the demands of the times so that they can improve dental and oral health services in Indonesia.At KPPIKG 2023, the largest and most comprehensive Dental Exhibition in Indonesia will be held. The exhibition will be attended by various companies engaged in supporting dental services in Indonesia. This opportunity is expected to be an opportunity to introduce advances in clinical science and technology at the clinical application level through the latest and greatest products in dentistry.",-6.1464353,106.8452360,2 Februari - 4 Februari 2024,1900000
1672,72,1,INDONESIA INTERNATIONAL EDUCATION TRAINING EXPO & CONFERENCE 2024,6,"The longest running exhibition on higher education, training & technology in Indonesia",-6.1464353,106.8452360,16 Februari - 19 Februari 2024,Free
1573,73,1,THE 14TH JAKARTA INTERNATIONAL JEWELLERY FAIR 2024,5,IJF in Jakarta named Jakarta International Jewellery Fair is the largest international jewellery trade fair in Western Indonesia and hold its annual event in every 2nd quarter of the year. Its annual event in every 4th quarter of the year.,-6.1464353,106.8452360,16 Februari - 19 Februari 2024,Free
1574,74,1,INDONESIA FASHION WEEK 2024,5,The Biggest Fashion Event of the Year in Jakarta.,-6.1464353,106.8452360,22 Februari - 25 Februari 2024,Free
1575,75,1,THE 20TH EDITION OF MEGA BUILD INDONESIA IN CONJUCTION WITH KERAMIKA INDONESIA,5,"MEGABUILD Indonesia (MBI) is the largest building material, architecture, interior design, and construction exhibition, held in the heart of Jakarta at Jakarta Convention Center (JCC), congregates over 200,000 professionals from Developers, Project Owners, Operators, Architects, Interior Designers and Engineering into this annual 4 days event.Featuring more than 500 brands both locally and internationally, MBI is the platform for business to take place, networking between partners and suppliers, and the inspiration hub for the future design of Indonesia.",-6.1464353,106.8452360,23 Februari - 26 Februari 2024,Free
1576,76,1,JAKARTA AUTOWEEK 2024,5,"Jakarta Auto Week will perform as a comprehensive and compact automotive exhibition, that showcase a wide range of automotive products. Held in Jakarta, Jakarta Auto Week will serve as strategic platform to encourage car sales, as well to intoduce the latest automotive products to potential audience. The extensive auto show, will feature variety of lifestyle sectors and highligjht characteristics of the Indonesian urban society. The 9-days events provide a platform for automotive industry to collaborate with lifestyle industry, as well to provide an inspiring atmosphere and exciting entertainments.",-6.1464353,106.8452360,11 Maret 2024 - 19 Maret 2024,Free
1577,77,1,HALAL MOVE ON FESTIVAL 2024,5,"Yuk, Seru-seruan sekalian borong aneka produk halal bareng",-6.1464353,106.8452360,31 Maret 2024 - 2 April 2024,Free
1578,78,1,JAKCLOTH LEBARAN 2024,5,Local Clothing & Culinary Festival 350 Clothing Brands Sale Up To 90%,-6.1464353,106.8452360,5 April 2024 - 11 April 2024,25000
1579,79,1,RAMADHAN FEST 2024,5,Inspired Women Empower Others Dream Day,-6.1464353,106.8452360,5 April 2024 - 11 April 2024,25000
1580,80,1,ICRAFT 2023,5,Pameran Kriya dan Produk Interior Unggulan Indonesia,-6.1464353,106.8452360,5 April 2024 - 9 April 2024,Free
1481,81,1,FREE FIRE MASTER LEAGUE GRAND FINAL SEASON 7,4,Grand Finals Free Fire Master Leage S7 Dimeriahkan oleh JKT 48 & Habib Jafar,-6.1464353,106.8452360,16 April 2024,150000
1682,82,1,FESTIVAL EKONOMI KEUANGAN DIGITAL INDONESIA (FEKDI) 2024,6,Synergy and Innovation of Digital Economy : Fostering Growth,-6.1464353,106.8452360,7 Mei 2024 - 10 Mei 2024,Free
1183,83,1,DEEP AND EXTREME INDONESIA 2024,1,"Asia Biggest Diving, Marine and Adventure Show",-6.1464353,106.8452360,1 June 2024 - 4 June 2024,Free
1584,84,1,INDONESIA COMIC CON 2024,5,Be Ready to #UnleashTheTrueYou!,-6.1464353,106.8452360,23 June 2024 - 25 June 2024,50000
1585,85,1,MOMMY 'N ME 2024,5,"A must-attend festival, Mommy ‚Äòn Me brings you various products for maternity, babies, and kids, all under one roof. The event is filled with great deals, product launches and all the fun yet insightful activities.?Visit Mommy N‚Äô Me event and create a joyful experience with us!",-6.1464353,106.8452360,30 June 2024 - 02 July 2024,50000
1586,86,1,KARYA KREATIF INDONESIA 2024,5,Berkolaborasi Mendorong Semangat Kebaruan dan Inovasi UMKM di Seluruh Nusantara,-6.1464353,106.8452360,27 Juli 2024 - 30 Juli 2024,Free
1587,87,1,JAKARTA X BEAUTY 2024,5,Get Ready For the Leading and Most Awaited Beauty Event Ever!,-6.1464353,106.8452360,3 Agustus - 6 Agustus 2024,50000
1588,88,1,ASEAN FEST 2024,5,"Ingin ikut serta dalam Keketuaan ASEAN Indonesia 2023? Yuk ke ASEAN Fest! Rasakan sensasi ber kunjung ke negara-negara ASEAN dalam sehari, dan ikuti berbagai aktivitasnya. Menangkan berbagai hadiah menarik bertema ASEAN!",-6.1464353,106.8452360,22 Agustus 2024 - 25 Agustus 2024,Free
1689,89,1,PLN NUSANTARA POWER CONNECT 2024,6,"Stregthening The Base, Expanding the Business",-6.1464353,106.8452360,11 September 2024 - 12 September 2024,Free
1290,90,1,PAMERAN KRIYA NUSA 2024,2,"Kriya Unggul, Indonesia Maju",-6.1464353,106.8452360,13 September 2024 - 17 September 2024,100000
1591,91,1,JIPREMIUM 2024,5,The Biggest Jakarta Premium Products Fair ,-6.1464353,106.8452360,13 September 2024 - 17 September 2024,100000
1692,92,1,INDONESIA DENTAL EXHIBITION & CONFERENCE (IDEC) 2024,6,"Together with The Indonesia Dental Association (PDGI) Traya Eksibisi Internasional, PT. are proud to present the third edition of Indonesia Dental Exhibition and Conference. Aiming to be the leading dental exhibition in the country, the exhibition will continue to gather leading local distributors, suppliers and the dental community.",-6.1464353,106.8452360,15 September 2024 - 17 September 2024,250000
1693,93,1,THE 9TH INDONESIA INTERNATIONAL GEOTHERMAL CONVENTION & EXHIBITION (IIGCE) 2024,6,"For the past eight years, the Indonesian Geothermal Association (INAGA) as the association for the Geothermal industry in Indonesia has been proud and successful in hosting the Indonesia International Geothermal Convention & Exhibition (IIGCE) offline in Jakarta Convention Center, Indonesia. The COVID-19 virus clearly prevented us from holding the event as usual in 2020-2021, as there is no guarantee the safety and health of participants will be well managed, so we brought the event virtually for two years. This year INAGA is proud to host and present again The 9th Indonesia International Geothermal Convention & Exhibition (IIGCE) 2023 in conjunction with The 23rd INAGA‚Äôs Annual Scientific Meeting. The event will be held on 20-22 September 2023 at the Assembly Hall Jakarta Convention Center. We enthusiastically encourage you to attend this premier event of the geothermal industry in the region and benefit from its strategic programs.",-6.1464353,106.8452360,20 - 22 September 2024,50000
1594,94,1,KREASI BHAYANGKARI NUSANTARA 2024,5,UMKM Bhayangkari Naik Kelas Menciptakan Bhayangkari Mandiri,-6.1464353,106.8452360,20 - 24 September 2024,Free
1695,95,1,IDEAFEST 2024,6,"IDEAFEST is the biggest festival in the creative industry, connecting and empowering creative communities to grow. For 11th consecutive years, we have gathered and collaborated with National and International experts from various fields like music, film, fashion, and tech to share insights and collaborate. This year #IdeaFest2023 brings hundreds of brilliant minds, visionary thinkers, and talented leaders from various fields to speak out loud and bold. Unleash your inner leadership to the next level, to the world stage. Whether you are an aspiring artist, a budding entrepreneur, a tech enthusiast, or simply someone with a passion for creativity, it's time to Lead The Leap through",-6.1464353,106.8452360,29 September 2023 - 01 October 2024,Free
1596,96,1,INDONESIA MODIFICATION & LIFESTYLE EXPO 2024,5,"IMX 2023 will be present in its 6th year after being successful in the previous 5 years, the strong theme ‚ÄúThe Future of Creativity‚Äù this year will bring the creativity of every young person to welcome a new era in technology and every breakthrough in changing trends in the Indonesian automotive industry. The strength of young people, both millennials and Gen Z generations, will of course become a new foundation for the future of the Nation, with a spirit of creativity for new ideas including the concept of electrification and digitalization which of course is supported by regulations in collaboration with the Government of the Republic of Indonesia through various Ministries, IMX 2023 will be present become a new milestone and barometer for the Indonesian automotive industry.",-6.1464353,106.8452360,29 September 2023 - 01 October 2024,50000
1597,97,1,INACRAFT ON OCTOBER,5,Smart Village to Global Market,-6.1464353,106.8452360,4 - 8 Oktober 2024,25000
1598,98,1,COSMOBEAUTE 2024,5,"Indonesia‚Äôs beauty industry is one of the most promising mainstay industries and growing rapidly. The growth of the beauty market in Indonesia increased by 7% in 2022. Indonesia has a very large potential to produce attractive and high-quality beauty products that meet the tastes and needs of the world market. Indonesia has promising markets to support the beauty industry.

With a population of over 270 million, Indonesia is the largest nation in Southeast Asia and the demand of beauty products are increasing among consumer in Indonesia. Revenue in the Beauty market amounts to US$7.23BN in 2022. The market is expected to grow annually by 5.81% (CAGR 2022-2027).

Cosmobeaut√© Indonesia has been continuing its commitment to be the most proven sourcing platform for beauty trade professionals to explore business in the spectrum of Aesthetic, Beauty, Cosmetic, Hair, Nail, Spa and Wellness industry. The 16th edition of Cosmobeaut√© Indonesia will be held on 12 ‚Äì 14 October 2023 at Jakarta Convention Center (JCC), Indonesia.",-6.1464353,106.8452360,12 - 14 Oktober 2024,25000
1599,99,1,"INDONESIA ESSENTIAL OIL, SEASONING, SPICES MARKET & EXPO 2024",5,Responsible Collaboration & Sustainability Kebangkitan Rempah Nusantara,-6.1464353,106.8452360,12 - 15 Oktober 2024,Free
16100,100,1,THE 21ST FRANCHISE & LICENSE EXPO 2024,6,"Franchise & License Expo Indonesia (FLEI) is a three-day event held in Jakarta that showcases local and international franchise and license-related brands from various business categories. Attendees can explore different brands and learn about their business models, products, and services, providing a fantastic opportunity to network with industry experts, investors, and other entrepreneurs.",-6.1464353,106.8452360,13 - 15 October 2024,Free
16101,101,1,THE 35TH HOSPITAL EXPO 2024,6,"THE LEADING HOSPITAL, MEDICAL, PHARMACEUTICAL, CLINICAL, LABORATORIES EQUIPMENT & MEDICINE EXPO SINCE 1978 IN SOUTH EAST ASIA",-6.1464353,106.8452360,18 - 21 October 2024,Free
15102,102,1,THE 10TH INDONESIA SHARIA ECONOMIC FESTIVAL 2024 X HALAL EXPO INDONESIA 2024,5,"Indonesia Sharia Economic Festival
ISEF is an initiative of the Central Bank of Indonesia in partnership with all key stakeholders of Indonesia Islamic Economic and Finance industry to build an international event in Islamic economic and finance industry.",-6.1464353,106.8452360,25- 29 October 2024,Free
15103,103,1,INDONESIA COMICCON 2024,5,"Assembly, Cendrawasih & Plenary Hall",-6.1464353,106.8452360,04 - 05 November 2024,Free
15104,104,1,WIC BAZAAR 2024,5,Let‚Äôs come & shop with an Impact!,-6.1464353,106.8452360,08 - 09 November 2024,25000
16105,105,1,PAMERAN INOVASI DAN TEKNOLOGI KESEHATAN DALAM TRANSFORMASI KESEHATAN,6,Pameran Inovasi dan Teknologi Kesehatan Dalam Transformasi Kesehatan,-6.1464353,106.8452360,9 - 11 November 2024,Free
15106,106,1,VAPE FAIR 2024,5,Biggest fair for Vapers in Indonesia,-6.1464353,106.8452360,11 - 12 November 2024,50000
15107,107,1,BULAN MUTU NASIONAL 2024 & SNI EXPO,5,"Datang dan Meriahkan, pameran produk ber-SNI terbesar di Indonesia",-6.1464353,106.8452360,15 - 16 November 2024,Free
16108,108,1,FORUM KAPASITAS NASIONAL III 2024,6,‚ÄúPengembangan Integrasi Kapabilitas Dalam Negeri dalam Rangka Peningkatan Kapasitas Nasional‚Äù,-6.1464353,106.8452360,23 - 24 November 2024,Free
16109,109,1,APKASI PROCUREMENT NETWORK 2024,6,Produk Indonesia Menjadi Tuan Rumah Di Negeri Sendiri,-6.1464353,106.8452360,27 - 28 November 2024,Free
15110,110,1,"THE 14TH INDONESIA MATERNITY, BABY & KIDS EXPO 2024",5,"Indonesia Maternity, Baby & Kids Expo also known as IMBEX; is Indonesia‚Äôs largest exhibition for maternity, baby & kids products and service. IMBEX have served the market since 2008. The 14th edition will be held on 1 ‚Äì 3 December 2023 at Jakarta Convention Centre, Hall A, B,  Cendrawasih & Plenary. Showcasing hundreds of local and international brands, IMBEX is staged not only as business and trading platforms but offers an exciting 3 days event filled with education and activities; creating an unforgettable experience for the kids, babies, parents and others who visit.",-6.1464353,106.8452360,1 - 3 Desember 2024,Free
15111,111,1,GLOBAL SOURCES ELECTRONIC INDONESIA 2024,5,"Experience world-class sourcing for consumer electronics, mobile electronics, and electronic components right on your doorstep in Jakarta!",-6.1464353,106.8452360,6 - 8 Desember 2024,Free
15112,112,1,BRILIANPRENEUR 2024,5,"Micro, Small, and Medium Enterprises (MSMEs) play a pivotal role in developing the Indonesian economy. They represent a significant economic potential due to their capacity to generate employment opportunities and their potential for breaking through the international market.

In an effort to harness this potential, BRI, as Indonesia's largest bank, has once again organized Brilianpreneur.

This year's event revolves around the theme ‚ÄúCrafting Global Connection‚Äù, a reflection of BRI's ambition and commitment to encouraging MSMEs to expand their presence on an international stage. In this era of globalization, it is important for MSMEs to keep up with evolving trends and establish connections with the global community. And BRI will present more than 500 selected MSMEs from five different categories: Home Decor & Craft, Food & Beverage, Accessories & Beauty, Fashion & Wastra, and Healthcare/Wellness. The annual exhibition also presents series of interesting and valuable programs for the audience: Expo Showcase UMKM, Bazaar, Business Matching, Pojok Konsultasi, UMKM Award, Entertainment & Art Installation, Live Shopping, Creative Lab, dan Community Activation.",-6.1464353,106.8452360,7 - 10 Desember 2024,Free
16113,113,1,THE 18TH HR EXPO & FORUM 2023,6,Building Excellent People in Resilent Company Challengees and Opportunities to Face Business Competition in 2024,-6.1464353,106.8452360,13 - 14 Desember 2023,5000000
15114,114,1,JAKARTA X BEAUTY ON DECEMBER 2023,5,"Have you wondered how to recharge your beauty?üå∏
#JakartaXBeauty2023",-6.1464353,106.8452360,14 - 17 December 2023,Free
15115,115,1,JAKARTA HALAL FESTIVAL 2023,5,Mewujudkan Ekosistem Halal Nasional,-6.1464353,106.8452360,22 - 25 December 2023,Free
16116,116,1,Google Cloud Summit Jakarta 2023,6,"Bergabunglah bersama kami dalam acara di mana komunitas cloud berkumpul! Jalin networking sesama profesional di industri, terhubung dengan pemimpin Google Cloud, dan jelajahi tren teknologi seputar AI & machine learning, data analytics, cyber security, business application integration dan masih banyak lagi.

Segalanya yang Anda butuhkan untuk mempercepat transformasi digital dan meningkatkan kinerja perusahaan dapat Anda temukan di sini.",-6.2026997,106.8186391,22 Juni 2024,Free
41117,117,4,Pandora Experience,1,"Apa jadinya kalau kamu dikunci di sebuah ruangan dan harus kabur dari seorang pembunuh? Atau kamu harus mencari jalan keluar di hutan berhantu? Jawabannya bisa kamu rasakan sendiri di Pandora Experience Alam Sutera!

Di escape room ini, kamu dan teman-teman maksimal 10 orang akan ""dikunci"" di sebuah ruangan. Kamu harus bisa keluar dari ruangan itu dalam jangka waktu 120 menit dengan cara memecahkan puzzle dan jalan menelusuri ruangan rahasia, dan masih banyak tantangan lagi. Jadi, kamu harus kompak supaya bisa selamat dari ruangan ini ya! ",-6.222227,106.651973,Everyday,100000
41118,118,4,SDC Skatepark,1,"Sejak booming-nya olahraga skateboard di Indonesia pada awal tahun 2000-an, banyak tempat-tempat yang dibangun untuk arena rekreasi para skater di Indonesia, salah satunya berada di area Summarecon Digital Center, Serpong. Buat kamu yang mau bermain skateboard dan motorcross bisa datang ke sini, di tempat ini juga menyediakan jasa pelatihan bagi pemula yang ingin belajar dan mencoba olahraga tersebut.

Kalau kamu belum punya alat-alatnya, bisa juga menyewa di area skatepark ini. Selain itu di area ini juga tersedia toko skateboard dan perlengkapan bermain motorcross.",-6.2563,106.6167,Everyday,Free
41119,119,4,Bukit Pondok Cabe,1,"Pondok cabe merupakan lapangan terbang pendek yang kerap dipakai untuk komunitas aero modeling dan penggemar drone. Di sini kamu dibebaskan menerbangkan pesawat nirawak dengan ketinggian tertentu. Selain itu tempatnya luas, tidak ramai dengan lalu lalang orang, sehingga dinilai aman. Banyak orang yang menggunakan lapangan satu ini untuk beragam kegiatan, salah satunya yang sedang hits adalah bermain drone. Nah buat kamu yang lagi suka main drone, boleh dicoba main di sini! ",-6.3547181,106.7663887,Everyday,Free
41120,120,4,Lagoon the Bahama,1,"Kalau kamu mau bertamasya ke Ocean Park BSD, liburan ini, kamu gak boleh sampai melewatkan wahana Lagoon The Bahama (Pijat Air) ya! Sambil mengelilingi kolam arus, terdapat beberapa air terjun buatan. Air terjun ini dapat difungsikan sebagai pijat air. Kepala atau pundak yang terasa pegal dapat menggunakan air terjun ini. Pijat air ini terdapat juga di area bermain air. Asyik banget kan?",-6.2932105,106.6499533,Everyday,100000
41121,121,4,Wall Climbing at Ocean Park,1,"Ke Ocean Park BSD yuk! Kamu bisa bersenang-senang bersama keluarga dan orang-orang terdekat. Kalau kamu gak mau basah-basahan, tenang aja. Bukan cuma kolam renang aja, tapi ada juga permainan yang bisa kamu nikmati seperti Wall Climbing. Kamu bisa rasakan sensasi memanjat tebing di sini.

Bukan hanya untuk orang dewasa, wahana satu ini juga bisa dicoba untuk anak-anak, lho. Namun tetap dalam pengawasan orang dewasa. Jangan sampai melewatkan keseruannya! ",-6.2932105,106.6499533,Everyday,50000
41122,122,4,Pemancingan Telaga Metro,1,"Telaga Metro merupakan pemancingan terbesar dan termegah di daerah Ciledug, Tangerang. Tepatnya di Ciledug karang tengah, Perumahan Metro Permata 1. Untuk kamu yang memiliki hobi memancing, atau sekedar ingin coba memancing kamu bisa coba di pemancingan satu ini. Pemancingan di buka setiap hari Selasa sampai Minggu (Senin tutup, untuk perawatan kolam).",-6.2003902,106.7103626,Everyday,Free
41123,123,4,Tanah Tingal,1,"Sedang kehabisan ide untuk kegiatan di akhir pekan ini? Bagaimana kalau berkunjung ke Tanah Tinggal? Taman Wisata Alam Tanah Tingal adalah sarana hiburan warga DKI Jakarta, Tangerang Selatan, dan sekitarnya untuk mengusir kepenatan. Tanah Tinggal yang berlokasi di Desa Baru, Ciputat - Tangerang, ini bisa jadi pilihan untuk kegiatan berlibur kamu di dalam kota. Sambil memperkenalkan alam pada si kecil, belajar untuk kreatif, dan bersosialisasi dengan alam sekitar lingkungannya.

Di Tanah Tinggal tersedia beragam fasilitas seperti arena bermain anak, kolam renang, fasilitas outbound, dan restoran serta lingkungan asri dipenuhi pepohonan serta aneka burung yang terbang bebas. Areanya yang cukup luas, yaitu sekitar 10 hektar, sangat cocok sebagai tempat outbound, employee outing, employee gathering, team building dan kegiatan outdoor lainnya.",-6.3029798,106.7183241,Everyday,50000
41124,124,4,Kandank Jurank Doank,1,"Untuk anak-anak, liburan di Kandank Jurank Doank bisa menjadi alternatif yang mengasyikan. Karena di sana mereka bebas melakukan permainan apa saja. Kegiatan di Kandank Jurank Doank berkaitan dengan aktivitas luar ruang dan berhubungan dengan alam. 

Mereka bisa bermain lumpur di sawah, belajar menanam padi, atau memandikan kerbau. Bagi yang hobi menggambar, pemandangan di Kandank Jurank merupakan objek yang menarik. Ada pula kegiatan mendengarkan dongeng, mengenal satwa, serta memainkan permainan tradisional.
Kandank Jurank Doank dapat dikunjungi setiap hari tanpa dipungut biaya. Pengunjung baru dikenai tarif bila ingin menikmati wahana-wahana permainan yang umumnya dihargai antara Rp20.000,- hingga Rp25.000,-. Sedangkan paket outbond-nya bisa diikuti dengan biaya minimal Rp120.000,-. ",-6.2959203,106.7239562,Everyday,25000
41125,125,4,Lockdown Indonesia,1,"Lockdown Indonesia is a reality first-person adventure game simulating online room escape games. In the game, the player is locked in a room and must exploit his or her surroundings in order to escape.

The escape game requires players to be observant and use critical thinking skills in order to solve the challenges and riddles. Each team has only 60 minutes to Escape. Will you be the one who succeeds? Come to Lockdown Indonesia!",-6.2349004,106.658702,Everyday,75000
51126,126,5,Redline Go Kart,1,"Lahan bermain Go Kart ini berada di rooftop Blu Plaza, lebih tepatnya di lantai 2. Sebelum kamu bermain cepat-cepatan di sirkuit Go Kart, kamu diharuskan membuat SIM khas Redline, dan memakan biaya sebesar Rp20.000. Setelah itu, kamu diharuskan menggunakan helm dan pakaian khusus Go Kart. 

Durasi satu permainannya adalah 5 menit, dan siapa yang tercepat dalam 1 lintasan, ia akan mendapat penghargaan khusus dan special prize di kafe Redline. Seru banget kan? Yuk, ajak teman-temanmu beradu cepat di Reline Go Kart!",-6.2559905,107.0047847,Everyday,25000
51127,127,5,Fun Park Bekasi Timur Regensi,1,"Tinggal di negara tropis, tentu salah satu alternatif rekreasi yang paling banyak dicari adalah berenang dan bermain di taman air. Nah, ada taman air yang seru buat kamu datangi nih, namanya Fun Park Bekasi Timur Regensi. 

Fun park ini memiliki 4 kolam renang dengan ukuran dan kedalaman yang berbeda-beda. Yang 1 kedalaman air antara 120-150 cm, cocok untuk dewasa atau yang ingin belajar berenang. Kolam yang kedua memiliki kedalaman air 50cm, kolam ketiga memiliki kedalaman 5-20 cm. Kedua kolam ini cocok untuk balita dan juga anak. Kolam terakhir yang paling digemari oleh anak-anak. Kolam berkedalaman 30 cm ini dilengkapi dengan pernak-pernik permainan anak dan terdapat seperti sebuah istana. Lengkap dengan seluncurannya.

Kalau gitu, yuk ajak keluargamu ke Fun Park Bekasi Timur Regensi!",-6.3236733,107.0006003,Everyday,50000
51128,128,5,Tugu Skatepark,1,"Buat kamu yang suka dengan olahraga ekstrem skateboarding, ada tempat yang bisa jadi arena unjuk kebolehanmu, lho, di bilangan Bekasi, tepatnya di daerah Pekayon. Tugu Skatepark didirikan pada tahun 2012, dan di arena skate ini pengunjung yang datang banyak juga yang berasal dari luar Bekasi. Selain menyewakan arena skate, di Tugu juga menjual berbagai aksesoris skateboard, seperti papan skate, sepatu, tas dan kaos.  ",-6.25906,106.9821224,Everyday,Free
51129,129,5,Taman Buaya Indonesia Jaya,1,"Ini adalah tempat wisata di Bekasi yang tak boleh dilewatkan pecinta buaya. Taman Buaya Indonesia Jaya merupakan tempat penangkaran buaya yang berada di Jalan Raya Serang Cibarusah, Desa Sukaragam. Sebelum masuk, kamu akan disambut dengan sebuah patung buaya besar di halaman depan tempat penangkaran buaya ini. 

Tempat wisata yang dibangun pada tahun 1990 ini memiliki 5 kolam besar yang mampu menampung masing-masing 100 ekor buaya. Kolam-kolam ini dibatasi dengan pagar besi setinggi 1,5 meter demi keamanan pengunjung. Tak hanya kolam penampungan buaya dewasa, di tempat penangkaran ini juga terdapat ruang penetasan telur buaya dan kolam kecil untuk bayi buaya. Selain buaya, kamu juga bisa menemukan kandang monyet di sini. 

Yang menarik, kamu bisa menyaksikan pertunjukan debus Banten di mana pemainnya melawan buaya dan ular buas di sini. Pertunjukan ini diadakan setiap hari Minggu dan hari libur lainnya dua kali dalam sehari, yaitu pada pukul 11:00 dan 14:00. Jika melewatkan pertunjukan debus, kamu masih bisa menikmati tempat wisata di Bekasi ini dengan memetik buah sawo sepuasnya langsung dari pohonnya di sini.
",-6.3930612,107.0847378,Weekdays,25000
52130,130,5,Klenteng Hok Lay Kiong,2,"Klenteng Hok Lay Kiong merupakan salah satu klenteng tertua di Bekasi. Tak ada yang tahu pasti kapan tepatnya klenteng yang berada di Jalan Kenari, Margahayu, ini dibangun, namun diperkirakan klenteng ini sudah berdiri sejak 300 sampai 400 tahun yang lalu. Tak berbeda dengan kebanyakan klenteng, di sini warna merah masih mendominasi bangunan dan segala ornamennya. 

Jika ingin menikmati suasana yang berbeda dengan hari lainnya, cobalah datang pada saat perayaan imlek. Saat itu, biasa dilakukan upacara penyucian patung dewa dan karnaval barongsai. Ada juga ritual Tabur Sial, di mana dilakukan pelarungan kertas berisi harapan ke Sungai Bekasi dan pelepasan kura-kura.",-6.2440966,107.0006544,Everyday,Free
52131,131,5,Saung Ranggon,2,"Bekasi yang kita anggap daerah dari planet lain ternyata menyimpan beberapa spot menarik yang asik dikunjungi. Salah satunya adalah Saung Ranggon. Saung Ranggon adalah rumah panggung kuno yang berada di Desa Cikedokan, Cikarang Barat. Saung ini berukuran 7,6 x 7,2 meter dengan tinggi lantai 2,5 lantai dari atas tanah. Terdapat tujuh buah anak tangga untuk naik ke lantai utama. Bagian dalam saung merupakan ruangan luas tanpa sekat ataupun jendela.

Tempat wisata di Bekasi ini dibangun pada abad ke-16 oleh Pangeran Rangga yang merupakan anak dari Pangeran Jayakarta. Pangeran Rangga membangun saung ini sebagai tempat persembunyian saat lari dari kejaran Belanda. Saung Ranggon baru ditemukan pada tahun 1821 oleh Raden Abbas. Meskipun telah mengalami renovasi beberapa kali, namun bangunan dan ornamennya sebagian besar masih asli. Buat kamu yang penasaran dengan Harta-yang-tersembunyi di Bekasi ini, mendingan langsung datang kesini. ",-6.3386474,107.0683878,Everyday,25000
52132,132,5,Nanotenri 2023,2,"Festival budaya Jepang yang diselenggarakan oleh ekskul Bahasa Jepang SMA Labschool Cibubur dengan lomba - lomba, obakeyashiki, hanabi, special performance dan lain-lain. 

Menampilkan berbagai performance, dari peserta lomba hingga guest star spesial kami! ",-6.3433894,106.9252924,27 Januari 2024,35000
43133,133,4,BLISSFUL RUN 2023,3,"Daftarkan dirimu dalam Fun Run 2,5K dan dapatkan berbagai merchandise menarik hingga kesempatan untuk bertemu dengan Komunitas Olahraga yang bisa bikin kalian makin sehat!

Sabtu, 16 Desember 2023 

Ring-O Area (Broadway, The Flavor Bliss) 

05.30 - 09.30

Get ready to
Bliss.
Run.
Repeat  ",-6.2429921,106.6519753,16 Desember 2023,100000
51134,134,5,Go! Wet Waterpark,1,"Are you and your family members up for some thrilling rides on your next short getaway? If that's the case, go pump up your adrenaline at Go! Wet Waterpark Bekasi! Bring your whole family along and enjoy exciting slides, such as Go! Splash, Go! Speed, and Go! Sprint. If you need to catch a break, simply relax in the Go! Lazy where you can cruise down the pool surrounded by lush greenery.

You have your kids with you? Worry no more! Go! Wet Waterpark will keep your little ones busy playing at the children-friendly rides. Go take them to have the time of their lives at the Go! Fun, Go! Boomer, Go! Play, Go! Round, and also Go! Spray. At the end of the day, you and your family will have the best holiday experience ever!",-6.2978275,107.0482725,Everyday,66000
51135,135,5,Waterboom Lippo Cikarang,1,"Bertemakan alam Bali, Waterboom Lippo Cikarang merupakan tempat yang tepat untuk liburan keluarga. Dari kolam renang, seluncuran, dan lazy river, taman air ini memiliki semuanya dan maish banyak lagi! Bingung mau mulai petuangalan Anda darimana? Coba saja wahana populernya lebih dulu, seperti Keong Kompyang dan Jeram Berang-Berang. Lalu, bersantailah di Kolam Ceria ditemani segelas (atau lebih) minuman segar dari Juice Station. Sementara itu, si kecil bisa bermain di Kiddy Area dan Kolam Arus Anak.

Di sini, Anda juga bisa memanjakan diri dengan perawatan spa atau bahkan fish therapy. Ada juga fasilitas outbound dengan permainan dan instruktur profesional untuk menemani pengunjung. Jangan lupa nikmati kuliner Bali di restoran dan minuman-minuman segar di caf√©. Baik untuk bersantai dikelilingi taman hijau atau bermain di seluncuran yang memacu adrenalin, inilah tempat yang tepat untuk liburan singkat yang menyenangkan!",-6.3313907,107.1357055,Everyday,50000
22136,136,2,Kebun Raya Bogor,2,"Kebun Raya Bogor merupakan salah satu taman botani terbesar di Asia Tenggara. Kebun ini memiliki luas sekitar 87 hektar dan memiliki koleksi tanaman yang sangat beragam, mulai dari tanaman tropis, subtropis, hingga tanaman langka. Kebun Raya Bogor juga memiliki banyak fasilitas yang dapat digunakan oleh pengunjung, seperti taman bermain, restoran, dan kafe.",-6.5976236,106.7969895,Everyday,25000
21137,137,2,Taman Safari Indonesia,1,"Taman Safari Indonesia merupakan salah satu kebun binatang terbesar di Indonesia. Kebun binatang ini memiliki luas sekitar 170 hektar dan memiliki koleksi satwa yang sangat beragam, mulai dari satwa Afrika, Asia, hingga Amerika. Pengunjung dapat melihat satwa-satwa tersebut secara langsung dari kendaraan yang telah disediakan",-6.7206439,106.9482552,Everyday,100000
21138,138,2,JungleLand Adventure Theme Park,1,"JungleLand Adventure Theme Park merupakan taman bermain terbesar di Bogor. Taman bermain ini memiliki luas sekitar 35 hektar dan memiliki berbagai macam wahana permainan yang menarik, mulai dari wahana permainan anak-anak hingga wahana permainan dewasa yang memacu adrenalin.",-6.5731714,106.8886346,Everyday,150000
21139,139,2,The Jungle Waterpark,1,"The Jungle Waterpark merupakan salah satu taman air terbesar di Bogor. Taman air ini memiliki luas sekitar 3,5 hektar dan memiliki berbagai macam wahana permainan air yang menarik, mulai dari wahana permainan anak-anak hingga wahana permainan dewasa yang seru.",-6.5731714,106.8886346,Everyday,180000
22140,140,2,Museum Zoologi Bogor,2,"Museum Zoologi Bogor merupakan salah satu museum zoologi tertua di Indonesia. Museum ini memiliki koleksi fosil, spesimen, dan preparat hewan yang sangat beragam, mulai dari hewan purba hingga hewan modern. Museum Zoologi Bogor juga memiliki fasilitas yang dapat digunakan oleh pengunjung, seperti perpustakaan, ruang audio visual, dan ruang edukasi.",-6.6036081,106.7943564,Everyday,25000
21141,141,2,Kebun Binatang Taman Yasmin,1,"Kebun Binatang Taman Yasmin merupakan salah satu kebun binatang yang populer di Bogor. Kebun binatang ini memiliki luas sekitar 10 hektar dan memiliki koleksi satwa yang beragam, mulai dari satwa lokal hingga satwa asing. Kebun Binatang Taman Yasmin juga memiliki fasilitas yang dapat digunakan oleh pengunjung, seperti taman bermain, restoran, dan kafe.",-6.3325152,106.6221484,Everyday,25000
21142,142,2,Situ Gede,1,Situ Gede merupakan salah satu danau terbesar di Bogor. Danau ini memiliki luas sekitar 87 hektar dan memiliki pemandangan yang indah. Pengunjung dapat berkeliling danau dengan menggunakan perahu yang disewakan oleh penduduk setempat.,-6.5534606,106.7360063,Everyday,Free
26143,143,2,Istana Bogor,6,"Istana Bogor merupakan salah satu istana kepresidenan Republik Indonesia. Istana ini terletak di tengah kota Bogor dan memiliki pemandangan yang indah. Istana Bogor dapat dikunjungi oleh masyarakat umum dengan mengikuti tur wisata yang disediakan.

Istana Bogor didirikan pada tahun 1745 oleh Gubernur Jenderal Hindia Belanda, Gustaaf Willem Baron van Imhoff. Istana ini telah menjadi tempat kediaman para presiden Indonesia sejak masa pemerintahan Soekarno.",-6.5979993,106.7948863,Everyday,Free
21144,144,2,Kebun Botani Cibodas,1,"Kebun Botani Cibodas merupakan salah satu kebun botani terbesar di Indonesia. Kebun ini terletak di kaki Gunung Gede Pangrango dan memiliki koleksi tanaman yang sangat beragam, mulai dari tanaman tropis, subtropis, hingga tanaman langka. Kebun Botani Cibodas didirikan pada tahun 1852 oleh Pemerintah Hindia Belanda. Kebun ini memiliki luas sekitar 87 hektar dan telah menjadi salah satu tujuan wisata favorit di Jawa Barat.",-6.7412738,107.0050282,Everyday,50000
21145,145,2,The Legend Star Bogor,1,"The Legend Star Bogor merupakan taman hiburan indoor yang bertema sejarah dan budaya Indonesia. Taman ini memiliki berbagai macam wahana permainan, mulai dari wahana permainan anak-anak hingga wahana permainan dewasa yang memacu adrenalin. The Legend Star Bogor didirikan pada tahun 2017. Taman ini memiliki luas sekitar 2 hektar dan telah menjadi salah satu tujuan wisata favorit di Bogor.",adanya di jatim bukan bogor,,Everyday,50000
22146,146,2,Taman Budaya Sentul City,2,"Taman Budaya Sentul City merupakan taman budaya yang terletak di kawasan Sentul City. Taman ini memiliki berbagai macam fasilitas, mulai dari gedung pertunjukan, museum, hingga taman bermain. Taman Budaya Sentul City didirikan pada tahun 2006. Taman ini telah menjadi salah satu tujuan wisata favorit di Bogor.",-6.5839969,106.8802024,Everyday,50000
21147,147,2,Taman Wisata Matahari,1,"Taman Wisata Matahari merupakan salah satu taman rekreasi keluarga terbesar di Bogor. Taman ini memiliki berbagai macam wahana permainan, mulai dari wahana permainan anak-anak hingga wahana permainan dewasa yang memacu adrenalin.

Taman Wisata Matahari didirikan pada tahun 1996. Taman ini telah menjadi salah satu tujuan wisata favorit di Bogor.",-6.6562039,106.9139869,Everyday,75000
21148,148,2,Kebun Raya Cibodas,1,"Kebun Raya Cibodas merupakan salah satu kebun botani terbesar di Indonesia. Kebun ini terletak di kaki Gunung Gede Pangrango dan memiliki koleksi tanaman yang sangat beragam, mulai dari tanaman tropis, subtropis, hingga tanaman langka. Kebun Raya Cibodas didirikan pada tahun 1852 oleh Pemerintah Hindia Belanda. Kebun ini memiliki luas sekitar 87 hektar dan telah menjadi salah satu tujuan wisata favorit di Jawa Barat. Kebun Raya Cibodas memiliki beberapa daya tarik utama, yaitu: Koleksi tanaman yang sangat beragam, mulai dari tanaman tropis, subtropis, hingga tanaman langka. Pemandangan alam yang indah, terutama pada saat musim hujan. Fasilitas yang lengkap, mulai dari restoran, kafe, hingga tempat parkir. Kebun Raya Cibodas cocok untuk dikunjungi oleh semua kalangan, mulai dari keluarga, pelajar, hingga wisatawan mancanegara.",-6.7412738,107.0050282,Everyday,50000
13149,149,1,Monumen Nasional,3,"
Monumen Nasional

Monumen Nasional (Monas) merupakan salah satu ikon Kota Jakarta. Monas terletak di pusat kota Jakarta dan memiliki ketinggian 132 meter. Monas dapat dikunjungi oleh masyarakat umum secara gratis.

Monas merupakan tempat yang cocok untuk berolahraga, terutama jogging. Jogging di Monas dapat dilakukan dengan mengelilingi area Monas atau berlari di jalur yang telah disediakan. Jarak yang dapat ditempuh dengan jogging di Monas sekitar 1,5 kilometer.

Selain jogging, Monas juga dapat digunakan untuk berolahraga lainnya, seperti bersepeda, senam, atau bermain bola. Monas memiliki lahan yang luas dan terbuka, sehingga sangat cocok untuk berolahraga.",-6.1753871,106.8245725,Everyday,Free
13150,150,1,Gelora Bung Karno,3,"Gelora Bung Karno (GBK) merupakan kompleks olahraga terbesar di Indonesia. GBK terletak di Jakarta Pusat dan memiliki luas sekitar 117 hektar. GBK dapat dikunjungi oleh masyarakat umum secara gratis.

GBK merupakan tempat yang cocok untuk berolahraga, terutama untuk olahraga yang membutuhkan lapangan yang luas, seperti sepak bola, atletik, atau tenis. GBK memiliki berbagai macam fasilitas olahraga, mulai dari lapangan sepak bola, lintasan atletik, hingga lapangan tenis.

Selain itu, GBK juga memiliki berbagai macam fasilitas pendukung, seperti tempat parkir, restoran, dan kafe.",-6.2186271,106.7833401,Everyday,Free